-- Clientes

INSERT INTO cliente (nombre, apellido, domicilio, telefono) VALUES ('Matias', 'Avila', '9 de Julio 2302', '541112321232');
INSERT INTO cliente (nombre, apellido, domicilio, telefono) VALUES ('Giannina', 'Perez', 'Panamericana Km 36.5', '541145678970');
INSERT INTO cliente (nombre, apellido, domicilio, telefono) VALUES ('Lucas', 'Prieto', 'Av. Pres. Arturo Umberto Illia 3770', '541142335678');
INSERT INTO cliente (nombre, apellido, domicilio, telefono) VALUES ('Guadalupe', 'Torres', 'Av. Victorica 1128', '541134521789');
INSERT INTO cliente (nombre, apellido, domicilio, telefono) VALUES ('Tomas', 'Gutierrez', 'Formosa y Ruta 52', '541167789012');
INSERT INTO cliente (nombre, apellido, domicilio, telefono) VALUES ('Juan', 'Ugarte', 'Quevedo 3365', '541146578974');
INSERT INTO cliente (nombre, apellido, domicilio, telefono) VALUES ('Sergio', 'Messi', 'Av. Del Libertador 6820', '541156920932');
INSERT INTO cliente (nombre, apellido, domicilio, telefono) VALUES ('Santiago', 'Pereyra', 'Paraná 3745', '541154648972');
INSERT INTO cliente (nombre, apellido, domicilio, telefono) VALUES ('Karina', 'Castan', 'San Martín 546', '541176853412');
INSERT INTO cliente (nombre, apellido, domicilio, telefono) VALUES ('Emiliano', 'Ayala', 'Sarmiento 2157', '541156748921');
INSERT INTO cliente (nombre, apellido, domicilio, telefono) VALUES ('Fabian', 'Moreno', 'Juan Julian Lastra 2400', '541145769276');
INSERT INTO cliente (nombre, apellido, domicilio, telefono) VALUES ('Jorge', 'Peron', 'Av Nestor C. Kirchner 1142', '541125678970');
INSERT INTO cliente (nombre, apellido, domicilio, telefono) VALUES ('Federico', 'Santillan', 'Josiah Williams 209', '541178929283');
INSERT INTO cliente (nombre, apellido, domicilio, telefono) VALUES ('Sebastian', 'Rodriguez', 'Perito Moreno 1460', '541176526341');
INSERT INTO cliente (nombre, apellido, domicilio, telefono) VALUES ('Camila', 'Martin', 'San Martín 800', '541154327801');
INSERT INTO cliente (nombre, apellido, domicilio, telefono) VALUES ('Tania', 'Rojo', 'Av. España 309', '541134679086');
INSERT INTO cliente (nombre, apellido, domicilio, telefono) VALUES ('Belen', 'Aristimuño', 'Av. Libertad 254', '541197367361');
INSERT INTO cliente (nombre, apellido, domicilio, telefono) VALUES ('Morena', 'Dominguez', 'Av. Sáenz Peña 318', '541121340968');
INSERT INTO cliente (nombre, apellido, domicilio, telefono) VALUES ('Paola', 'Tugas', 'Enrique Bodereau 7571', '541197656291');
INSERT INTO cliente (nombre, apellido, domicilio, telefono) VALUES ('Paulo', 'Gomez', 'Recta Martinoli 8357', '541187561264');

-- Comercios

INSERT INTO comercio (nombre, domicilio, codigopostal, telefono) VALUES ('Ferreteria El Cosito', 'Cervantes 565','C1425EID','541165849035');
INSERT INTO comercio (nombre, domicilio, codigopostal, telefono) VALUES ('Carniceria La Vaca Feliz', 'Gral. Guemes 897','C1425EID','541199999999');
INSERT INTO comercio (nombre, domicilio, codigopostal, telefono) VALUES ('Bar El Obrero', 'Donado 65','E6325EID','541174392057');
INSERT INTO comercio (nombre, domicilio, codigopostal, telefono) VALUES ('Merceria Doña Tita', 'Pres. Juan Domingo Perón 4739','F3325EID','541129495473');
INSERT INTO comercio (nombre, domicilio, codigopostal, telefono) VALUES ('Farmacia Balcarce', 'Paraná 3822','F6721EID','541139572659');
INSERT INTO comercio (nombre, domicilio, codigopostal, telefono) VALUES ('Supermecado Los 3 Hermanos', 'Antonio Saenz 2041','B6721EID','541148573927');
INSERT INTO comercio (nombre, domicilio, codigopostal, telefono) VALUES ('Hotel San Carlos', 'Av. Ing Agustín Rocca 249','G8902EID','541160382046');
INSERT INTO comercio (nombre, domicilio, codigopostal, telefono) VALUES ('Dietetica El Obeso', 'Conquista Del Desierto 230','H9012EID','541140682540');
INSERT INTO comercio (nombre, domicilio, codigopostal, telefono) VALUES ('Kiosco La Esquina', 'Dr. Salvador Sallares 63','F5462EID','541168392028');
INSERT INTO comercio (nombre, domicilio, codigopostal, telefono) VALUES ('Verduleria Don Pedro', 'Bernardo De Monteagudo 3351','A7810EID','541147592038');
INSERT INTO comercio (nombre, domicilio, codigopostal, telefono) VALUES ('Panaderia La Ponderosa', 'Brig. Gral. Juan M. De Rosas 14446','G2091EID','541100374993');
INSERT INTO comercio (nombre, domicilio, codigopostal, telefono) VALUES ('Veterinaria Cura Bicho', 'Av. Eva Duarte de Peron 1474','H5674EID','541100000384');
INSERT INTO comercio (nombre, domicilio, codigopostal, telefono) VALUES ('Tienda de Ropa La Gastadera', 'Hipólito Yrigoyen 1807','C4512EID','541103058239');
INSERT INTO comercio (nombre, domicilio, codigopostal, telefono) VALUES ('Vidrieria El Reflejo', 'Av Luro 5975','F3241EID','541100000037');
INSERT INTO comercio (nombre, domicilio, codigopostal, telefono) VALUES ('Gomeria La Rueda Feliz', '9 De Julio 1185','E4312EID','541100000070');
INSERT INTO comercio (nombre, domicilio, codigopostal, telefono) VALUES ('Mecanica Austral', 'Calle 8 788','G3212EID','541100000800');
INSERT INTO comercio (nombre, domicilio, codigopostal, telefono) VALUES ('Lavadero Blanca', 'Calle 12 esq. 58 Nº 1249','C6786EID','541100000500');
INSERT INTO comercio (nombre, domicilio, codigopostal, telefono) VALUES ('Colchones Dulce Sueños', 'Sarmiento 2685','C2341EID','541100000900');
INSERT INTO comercio (nombre, domicilio, codigopostal, telefono) VALUES ('Salon de Fiestas Wonka', 'Catamarca 1865','F0443EID','541100001000');
INSERT INTO comercio (nombre, domicilio, codigopostal, telefono) VALUES ('Restaurant Ratatouille', 'Bartolomé Mitre 2642','G3245EID','541100009843');

-- Tarjetas

INSERT INTO tarjeta (nrotarjeta, nrocliente, validadesde, validahasta, codseguridad, limitecompra, estado) VALUES ('9320584378172604', 1, '201106', '201406', '906', 20000, 'anulada');
INSERT INTO tarjeta (nrotarjeta, nrocliente, validadesde, validahasta, codseguridad, limitecompra, estado) VALUES ('4982394782623736', 2, '202008', '202308', '2958', 25000, 'vigente');
INSERT INTO tarjeta (nrotarjeta, nrocliente, validadesde, validahasta, codseguridad, limitecompra, estado) VALUES ('5129043812284623', 3, '202203', '202503', '753', 30800, 'vigente');
INSERT INTO tarjeta (nrotarjeta, nrocliente, validadesde, validahasta, codseguridad, limitecompra, estado) VALUES ('1294382965767449', 4, '201912', '202212', '2364', 10500, 'suspendida');
INSERT INTO tarjeta (nrotarjeta, nrocliente, validadesde, validahasta, codseguridad, limitecompra, estado) VALUES ('9293437257327169', 5, '202109', '202409', '937', 67000, 'anulada');
INSERT INTO tarjeta (nrotarjeta, nrocliente, validadesde, validahasta, codseguridad, limitecompra, estado) VALUES ('5827624652643290', 6, '202211', '202511', '8246', 8000, 'vigente');
INSERT INTO tarjeta (nrotarjeta, nrocliente, validadesde, validahasta, codseguridad, limitecompra, estado) VALUES ('3928217404085943', 7, '202212', '202512', '1485', 90000, 'vigente');
INSERT INTO tarjeta (nrotarjeta, nrocliente, validadesde, validahasta, codseguridad, limitecompra, estado) VALUES ('1982747364536562', 8, '201301', '201601', '842', 70500, 'anulada');
INSERT INTO tarjeta (nrotarjeta, nrocliente, validadesde, validahasta, codseguridad, limitecompra, estado) VALUES ('9012348282748326', 9, '202010', '202310', '520', 21000, 'vigente');
INSERT INTO tarjeta (nrotarjeta, nrocliente, validadesde, validahasta, codseguridad, limitecompra, estado) VALUES ('8274236578326572', 10, '201911', '202211', '7856', 14000, 'suspendida');
INSERT INTO tarjeta (nrotarjeta, nrocliente, validadesde, validahasta, codseguridad, limitecompra, estado) VALUES ('8324732653627823', 11, '202204', '202504', '5848', 34500, 'vigente');
INSERT INTO tarjeta (nrotarjeta, nrocliente, validadesde, validahasta, codseguridad, limitecompra, estado) VALUES ('7632462483439834', 12, '201212', '201512', '530', 48600, 'anulada');
INSERT INTO tarjeta (nrotarjeta, nrocliente, validadesde, validahasta, codseguridad, limitecompra, estado) VALUES ('7216435365643723', 13, '200112', '200412', '740', 98000, 'anulada');
INSERT INTO tarjeta (nrotarjeta, nrocliente, validadesde, validahasta, codseguridad, limitecompra, estado) VALUES ('3624376458982394', 14, '202007', '202307', '2485', 17900, 'suspendida');
INSERT INTO tarjeta (nrotarjeta, nrocliente, validadesde, validahasta, codseguridad, limitecompra, estado) VALUES ('6347467826428439', 15, '202006', '202306', '773', 15000, 'vigente');
INSERT INTO tarjeta (nrotarjeta, nrocliente, validadesde, validahasta, codseguridad, limitecompra, estado) VALUES ('5923892848377829', 16, '201003', '201303', '4575', 40000, 'suspendida');
INSERT INTO tarjeta (nrotarjeta, nrocliente, validadesde, validahasta, codseguridad, limitecompra, estado) VALUES ('3784736427463790', 17, '202003', '202303', '2397', 38000, 'vigente');
INSERT INTO tarjeta (nrotarjeta, nrocliente, validadesde, validahasta, codseguridad, limitecompra, estado) VALUES ('3209340294208483', 18, '202108', '202408', '608', 16500, 'suspendida');
INSERT INTO tarjeta (nrotarjeta, nrocliente, validadesde, validahasta, codseguridad, limitecompra, estado) VALUES ('2743472943783934', 19, '202109', '202409', '453', 55500, 'vigente');
INSERT INTO tarjeta (nrotarjeta, nrocliente, validadesde, validahasta, codseguridad, limitecompra, estado) VALUES ('8437284736756736', 19, '200202', '200502', '192', 66500, 'anulada');
INSERT INTO tarjeta (nrotarjeta, nrocliente, validadesde, validahasta, codseguridad, limitecompra, estado) VALUES ('3464536272389793', 20, '202201', '202501', '1256', 13800, 'vigente');
INSERT INTO tarjeta (nrotarjeta, nrocliente, validadesde, validahasta, codseguridad, limitecompra, estado) VALUES ('1273672467364703', 20, '200506', '200806', '9243', 98000, 'anulada');

-- Cierres

-- Terminación tarjeta: 0
INSERT INTO cierre (año, mes, terminacion, fechainicio, fechacierre, fechavto) VALUES (2022, 1, 0, '2022-01-01', '2022-01-31', '2022-02-10');
INSERT INTO cierre (año, mes, terminacion, fechainicio, fechacierre, fechavto) VALUES (2022, 2, 0, '2022-02-01', '2022-02-28', '2022-03-10');
INSERT INTO cierre (año, mes, terminacion, fechainicio, fechacierre, fechavto) VALUES (2022, 3, 0, '2022-03-01', '2022-03-31', '2022-04-10');
INSERT INTO cierre (año, mes, terminacion, fechainicio, fechacierre, fechavto) VALUES (2022, 4, 0, '2022-04-01', '2022-04-30', '2022-05-10');
INSERT INTO cierre (año, mes, terminacion, fechainicio, fechacierre, fechavto) VALUES (2022, 5, 0, '2022-05-01', '2022-05-31', '2022-06-10');
INSERT INTO cierre (año, mes, terminacion, fechainicio, fechacierre, fechavto) VALUES (2022, 6, 0, '2022-06-01', '2022-06-30', '2022-07-10');
INSERT INTO cierre (año, mes, terminacion, fechainicio, fechacierre, fechavto) VALUES (2022, 7, 0, '2022-07-01', '2022-07-31', '2022-08-10');
INSERT INTO cierre (año, mes, terminacion, fechainicio, fechacierre, fechavto) VALUES (2022, 8, 0, '2022-08-01', '2022-08-31', '2022-09-10');
INSERT INTO cierre (año, mes, terminacion, fechainicio, fechacierre, fechavto) VALUES (2022, 9, 0, '2022-09-01', '2022-09-30', '2022-10-10');
INSERT INTO cierre (año, mes, terminacion, fechainicio, fechacierre, fechavto) VALUES (2022, 10, 0, '2022-10-01', '2022-10-31', '2022-11-10');
INSERT INTO cierre (año, mes, terminacion, fechainicio, fechacierre, fechavto) VALUES (2022, 11, 0, '2022-11-01', '2022-11-30', '2022-12-10');
INSERT INTO cierre (año, mes, terminacion, fechainicio, fechacierre, fechavto) VALUES (2022, 12, 0, '2022-12-01', '2022-12-31', '2023-01-10');

-- Terminación tarjeta: 1
INSERT INTO cierre (año, mes, terminacion, fechainicio, fechacierre, fechavto) VALUES (2022, 1, 1, '2022-01-01', '2022-01-31', '2022-02-11');
INSERT INTO cierre (año, mes, terminacion, fechainicio, fechacierre, fechavto) VALUES (2022, 2, 1, '2022-02-01', '2022-02-28', '2022-03-11');
INSERT INTO cierre (año, mes, terminacion, fechainicio, fechacierre, fechavto) VALUES (2022, 3, 1, '2022-03-01', '2022-03-31', '2022-04-11');
INSERT INTO cierre (año, mes, terminacion, fechainicio, fechacierre, fechavto) VALUES (2022, 4, 1, '2022-04-01', '2022-04-30', '2022-05-11');
INSERT INTO cierre (año, mes, terminacion, fechainicio, fechacierre, fechavto) VALUES (2022, 5, 1, '2022-05-01', '2022-05-31', '2022-06-11');
INSERT INTO cierre (año, mes, terminacion, fechainicio, fechacierre, fechavto) VALUES (2022, 6, 1, '2022-06-01', '2022-06-30', '2022-07-11');
INSERT INTO cierre (año, mes, terminacion, fechainicio, fechacierre, fechavto) VALUES (2022, 7, 1, '2022-07-01', '2022-07-31', '2022-08-11');
INSERT INTO cierre (año, mes, terminacion, fechainicio, fechacierre, fechavto) VALUES (2022, 8, 1, '2022-08-01', '2022-08-31', '2022-09-11');
INSERT INTO cierre (año, mes, terminacion, fechainicio, fechacierre, fechavto) VALUES (2022, 9, 1, '2022-09-01', '2022-09-30', '2022-10-11');
INSERT INTO cierre (año, mes, terminacion, fechainicio, fechacierre, fechavto) VALUES (2022, 10, 1, '2022-10-01', '2022-10-31', '2022-11-11');
INSERT INTO cierre (año, mes, terminacion, fechainicio, fechacierre, fechavto) VALUES (2022, 11, 1, '2022-11-01', '2022-11-30', '2022-12-11');
INSERT INTO cierre (año, mes, terminacion, fechainicio, fechacierre, fechavto) VALUES (2022, 12, 1, '2022-12-01', '2022-12-31', '2023-01-11');

-- Terminación tarjeta: 2
INSERT INTO cierre (año, mes, terminacion, fechainicio, fechacierre, fechavto) VALUES (2022, 1, 2, '2022-01-01', '2022-01-31', '2022-02-12');
INSERT INTO cierre (año, mes, terminacion, fechainicio, fechacierre, fechavto) VALUES (2022, 2, 2, '2022-02-01', '2022-02-28', '2022-03-12');
INSERT INTO cierre (año, mes, terminacion, fechainicio, fechacierre, fechavto) VALUES (2022, 3, 2, '2022-03-01', '2022-03-31', '2022-04-12');
INSERT INTO cierre (año, mes, terminacion, fechainicio, fechacierre, fechavto) VALUES (2022, 4, 2, '2022-04-01', '2022-04-30', '2022-05-12');
INSERT INTO cierre (año, mes, terminacion, fechainicio, fechacierre, fechavto) VALUES (2022, 5, 2, '2022-05-01', '2022-05-31', '2022-06-12');
INSERT INTO cierre (año, mes, terminacion, fechainicio, fechacierre, fechavto) VALUES (2022, 6, 2, '2022-06-01', '2022-06-30', '2022-07-12');
INSERT INTO cierre (año, mes, terminacion, fechainicio, fechacierre, fechavto) VALUES (2022, 7, 2, '2022-07-01', '2022-07-31', '2022-08-12');
INSERT INTO cierre (año, mes, terminacion, fechainicio, fechacierre, fechavto) VALUES (2022, 8, 2, '2022-08-01', '2022-08-31', '2022-09-12');
INSERT INTO cierre (año, mes, terminacion, fechainicio, fechacierre, fechavto) VALUES (2022, 9, 2, '2022-09-01', '2022-09-30', '2022-10-12');
INSERT INTO cierre (año, mes, terminacion, fechainicio, fechacierre, fechavto) VALUES (2022, 10, 2, '2022-10-01', '2022-10-31', '2022-11-12');
INSERT INTO cierre (año, mes, terminacion, fechainicio, fechacierre, fechavto) VALUES (2022, 11, 2, '2022-11-01', '2022-11-30', '2022-12-12');
INSERT INTO cierre (año, mes, terminacion, fechainicio, fechacierre, fechavto) VALUES (2022, 12, 2, '2022-12-01', '2022-12-31', '2023-01-12');

-- Terminación tarjeta: 3
INSERT INTO cierre (año, mes, terminacion, fechainicio, fechacierre, fechavto) VALUES (2022, 1, 3, '2022-01-01', '2022-01-31', '2022-02-13');
INSERT INTO cierre (año, mes, terminacion, fechainicio, fechacierre, fechavto) VALUES (2022, 2, 3, '2022-02-01', '2022-02-28', '2022-03-13');
INSERT INTO cierre (año, mes, terminacion, fechainicio, fechacierre, fechavto) VALUES (2022, 3, 3, '2022-03-01', '2022-03-31', '2022-04-13');
INSERT INTO cierre (año, mes, terminacion, fechainicio, fechacierre, fechavto) VALUES (2022, 4, 3, '2022-04-01', '2022-04-30', '2022-05-13');
INSERT INTO cierre (año, mes, terminacion, fechainicio, fechacierre, fechavto) VALUES (2022, 5, 3, '2022-05-01', '2022-05-31', '2022-06-13');
INSERT INTO cierre (año, mes, terminacion, fechainicio, fechacierre, fechavto) VALUES (2022, 6, 3, '2022-06-01', '2022-06-30', '2022-07-13');
INSERT INTO cierre (año, mes, terminacion, fechainicio, fechacierre, fechavto) VALUES (2022, 7, 3, '2022-07-01', '2022-07-31', '2022-08-13');
INSERT INTO cierre (año, mes, terminacion, fechainicio, fechacierre, fechavto) VALUES (2022, 8, 3, '2022-08-01', '2022-08-31', '2022-09-13');
INSERT INTO cierre (año, mes, terminacion, fechainicio, fechacierre, fechavto) VALUES (2022, 9, 3, '2022-09-01', '2022-09-30', '2022-10-13');
INSERT INTO cierre (año, mes, terminacion, fechainicio, fechacierre, fechavto) VALUES (2022, 10, 3, '2022-10-01', '2022-10-31', '2022-11-13');
INSERT INTO cierre (año, mes, terminacion, fechainicio, fechacierre, fechavto) VALUES (2022, 11, 3, '2022-11-01', '2022-11-30', '2022-12-13');
INSERT INTO cierre (año, mes, terminacion, fechainicio, fechacierre, fechavto) VALUES (2022, 12, 3, '2022-12-01', '2022-12-31', '2023-01-13');

-- Terminación tarjeta: 4
INSERT INTO cierre (año, mes, terminacion, fechainicio, fechacierre, fechavto) VALUES (2022, 1, 4, '2022-01-01', '2022-01-31', '2022-02-14');
INSERT INTO cierre (año, mes, terminacion, fechainicio, fechacierre, fechavto) VALUES (2022, 2, 4, '2022-02-01', '2022-02-28', '2022-03-14');
INSERT INTO cierre (año, mes, terminacion, fechainicio, fechacierre, fechavto) VALUES (2022, 3, 4, '2022-03-01', '2022-03-31', '2022-04-14');
INSERT INTO cierre (año, mes, terminacion, fechainicio, fechacierre, fechavto) VALUES (2022, 4, 4, '2022-04-01', '2022-04-30', '2022-05-14');
INSERT INTO cierre (año, mes, terminacion, fechainicio, fechacierre, fechavto) VALUES (2022, 5, 4, '2022-05-01', '2022-05-31', '2022-06-14');
INSERT INTO cierre (año, mes, terminacion, fechainicio, fechacierre, fechavto) VALUES (2022, 6, 4, '2022-06-01', '2022-06-30', '2022-07-14');
INSERT INTO cierre (año, mes, terminacion, fechainicio, fechacierre, fechavto) VALUES (2022, 7, 4, '2022-07-01', '2022-07-31', '2022-08-14');
INSERT INTO cierre (año, mes, terminacion, fechainicio, fechacierre, fechavto) VALUES (2022, 8, 4, '2022-08-01', '2022-08-31', '2022-09-14');
INSERT INTO cierre (año, mes, terminacion, fechainicio, fechacierre, fechavto) VALUES (2022, 9, 4, '2022-09-01', '2022-09-30', '2022-10-14');
INSERT INTO cierre (año, mes, terminacion, fechainicio, fechacierre, fechavto) VALUES (2022, 10, 4, '2022-10-01', '2022-10-31', '2022-11-14');
INSERT INTO cierre (año, mes, terminacion, fechainicio, fechacierre, fechavto) VALUES (2022, 11, 4, '2022-11-01', '2022-11-30', '2022-12-14');
INSERT INTO cierre (año, mes, terminacion, fechainicio, fechacierre, fechavto) VALUES (2022, 12, 4, '2022-12-01', '2022-12-31', '2023-01-14');

-- Terminación tarjeta: 5
INSERT INTO cierre (año, mes, terminacion, fechainicio, fechacierre, fechavto) VALUES (2022, 1, 5, '2022-01-01', '2022-01-31', '2022-02-15');
INSERT INTO cierre (año, mes, terminacion, fechainicio, fechacierre, fechavto) VALUES (2022, 2, 5, '2022-02-01', '2022-02-28', '2022-03-15');
INSERT INTO cierre (año, mes, terminacion, fechainicio, fechacierre, fechavto) VALUES (2022, 3, 5, '2022-03-01', '2022-03-31', '2022-04-15');
INSERT INTO cierre (año, mes, terminacion, fechainicio, fechacierre, fechavto) VALUES (2022, 4, 5, '2022-04-01', '2022-04-30', '2022-05-15');
INSERT INTO cierre (año, mes, terminacion, fechainicio, fechacierre, fechavto) VALUES (2022, 5, 5, '2022-05-01', '2022-05-31', '2022-06-15');
INSERT INTO cierre (año, mes, terminacion, fechainicio, fechacierre, fechavto) VALUES (2022, 6, 5, '2022-06-01', '2022-06-30', '2022-07-15');
INSERT INTO cierre (año, mes, terminacion, fechainicio, fechacierre, fechavto) VALUES (2022, 7, 5, '2022-07-01', '2022-07-31', '2022-08-15');
INSERT INTO cierre (año, mes, terminacion, fechainicio, fechacierre, fechavto) VALUES (2022, 8, 5, '2022-08-01', '2022-08-31', '2022-09-15');
INSERT INTO cierre (año, mes, terminacion, fechainicio, fechacierre, fechavto) VALUES (2022, 9, 5, '2022-09-01', '2022-09-30', '2022-10-15');
INSERT INTO cierre (año, mes, terminacion, fechainicio, fechacierre, fechavto) VALUES (2022, 10, 5, '2022-10-01', '2022-10-31', '2022-11-15');
INSERT INTO cierre (año, mes, terminacion, fechainicio, fechacierre, fechavto) VALUES (2022, 11, 5, '2022-11-01', '2022-11-30', '2022-12-15');
INSERT INTO cierre (año, mes, terminacion, fechainicio, fechacierre, fechavto) VALUES (2022, 12, 5, '2022-12-01', '2022-12-31', '2023-01-15');

-- Terminación tarjeta: 6
INSERT INTO cierre (año, mes, terminacion, fechainicio, fechacierre, fechavto) VALUES (2022, 1, 6, '2022-01-01', '2022-01-31', '2022-02-16');
INSERT INTO cierre (año, mes, terminacion, fechainicio, fechacierre, fechavto) VALUES (2022, 2, 6, '2022-02-01', '2022-02-28', '2022-03-16');
INSERT INTO cierre (año, mes, terminacion, fechainicio, fechacierre, fechavto) VALUES (2022, 3, 6, '2022-03-01', '2022-03-31', '2022-04-16');
INSERT INTO cierre (año, mes, terminacion, fechainicio, fechacierre, fechavto) VALUES (2022, 4, 6, '2022-04-01', '2022-04-30', '2022-05-16');
INSERT INTO cierre (año, mes, terminacion, fechainicio, fechacierre, fechavto) VALUES (2022, 5, 6, '2022-05-01', '2022-05-31', '2022-06-16');
INSERT INTO cierre (año, mes, terminacion, fechainicio, fechacierre, fechavto) VALUES (2022, 6, 6, '2022-06-01', '2022-06-30', '2022-07-16');
INSERT INTO cierre (año, mes, terminacion, fechainicio, fechacierre, fechavto) VALUES (2022, 7, 6, '2022-07-01', '2022-07-31', '2022-08-16');
INSERT INTO cierre (año, mes, terminacion, fechainicio, fechacierre, fechavto) VALUES (2022, 8, 6, '2022-08-01', '2022-08-31', '2022-09-16');
INSERT INTO cierre (año, mes, terminacion, fechainicio, fechacierre, fechavto) VALUES (2022, 9, 6, '2022-09-01', '2022-09-30', '2022-10-16');
INSERT INTO cierre (año, mes, terminacion, fechainicio, fechacierre, fechavto) VALUES (2022, 10, 6, '2022-10-01', '2022-10-31', '2022-11-16');
INSERT INTO cierre (año, mes, terminacion, fechainicio, fechacierre, fechavto) VALUES (2022, 11, 6, '2022-11-01', '2022-11-30', '2022-12-16');
INSERT INTO cierre (año, mes, terminacion, fechainicio, fechacierre, fechavto) VALUES (2022, 12, 6, '2022-12-01', '2022-12-31', '2023-01-16');

-- Terminación tarjeta: 7
INSERT INTO cierre (año, mes, terminacion, fechainicio, fechacierre, fechavto) VALUES (2022, 1, 7, '2022-01-01', '2022-01-31', '2022-02-17');
INSERT INTO cierre (año, mes, terminacion, fechainicio, fechacierre, fechavto) VALUES (2022, 2, 7, '2022-02-01', '2022-02-28', '2022-03-17');
INSERT INTO cierre (año, mes, terminacion, fechainicio, fechacierre, fechavto) VALUES (2022, 3, 7, '2022-03-01', '2022-03-31', '2022-04-17');
INSERT INTO cierre (año, mes, terminacion, fechainicio, fechacierre, fechavto) VALUES (2022, 4, 7, '2022-04-01', '2022-04-30', '2022-05-17');
INSERT INTO cierre (año, mes, terminacion, fechainicio, fechacierre, fechavto) VALUES (2022, 5, 7, '2022-05-01', '2022-05-31', '2022-06-17');
INSERT INTO cierre (año, mes, terminacion, fechainicio, fechacierre, fechavto) VALUES (2022, 6, 7, '2022-06-01', '2022-06-30', '2022-07-17');
INSERT INTO cierre (año, mes, terminacion, fechainicio, fechacierre, fechavto) VALUES (2022, 7, 7, '2022-07-01', '2022-07-31', '2022-08-17');
INSERT INTO cierre (año, mes, terminacion, fechainicio, fechacierre, fechavto) VALUES (2022, 8, 7, '2022-08-01', '2022-08-31', '2022-09-17');
INSERT INTO cierre (año, mes, terminacion, fechainicio, fechacierre, fechavto) VALUES (2022, 9, 7, '2022-09-01', '2022-09-30', '2022-10-17');
INSERT INTO cierre (año, mes, terminacion, fechainicio, fechacierre, fechavto) VALUES (2022, 10, 7, '2022-10-01', '2022-10-31', '2022-11-17');
INSERT INTO cierre (año, mes, terminacion, fechainicio, fechacierre, fechavto) VALUES (2022, 11, 7, '2022-11-01', '2022-11-30', '2022-12-17');
INSERT INTO cierre (año, mes, terminacion, fechainicio, fechacierre, fechavto) VALUES (2022, 12, 7, '2022-12-01', '2022-12-31', '2023-01-17');

-- Terminación tarjeta: 8
INSERT INTO cierre (año, mes, terminacion, fechainicio, fechacierre, fechavto) VALUES (2022, 1, 8, '2022-01-01', '2022-01-31', '2022-02-18');
INSERT INTO cierre (año, mes, terminacion, fechainicio, fechacierre, fechavto) VALUES (2022, 2, 8, '2022-02-01', '2022-02-28', '2022-03-18');
INSERT INTO cierre (año, mes, terminacion, fechainicio, fechacierre, fechavto) VALUES (2022, 3, 8, '2022-03-01', '2022-03-31', '2022-04-18');
INSERT INTO cierre (año, mes, terminacion, fechainicio, fechacierre, fechavto) VALUES (2022, 4, 8, '2022-04-01', '2022-04-30', '2022-05-18');
INSERT INTO cierre (año, mes, terminacion, fechainicio, fechacierre, fechavto) VALUES (2022, 5, 8, '2022-05-01', '2022-05-31', '2022-06-18');
INSERT INTO cierre (año, mes, terminacion, fechainicio, fechacierre, fechavto) VALUES (2022, 6, 8, '2022-06-01', '2022-06-30', '2022-07-18');
INSERT INTO cierre (año, mes, terminacion, fechainicio, fechacierre, fechavto) VALUES (2022, 7, 8, '2022-07-01', '2022-07-31', '2022-08-18');
INSERT INTO cierre (año, mes, terminacion, fechainicio, fechacierre, fechavto) VALUES (2022, 8, 8, '2022-08-01', '2022-08-31', '2022-09-18');
INSERT INTO cierre (año, mes, terminacion, fechainicio, fechacierre, fechavto) VALUES (2022, 9, 8, '2022-09-01', '2022-09-30', '2022-10-18');
INSERT INTO cierre (año, mes, terminacion, fechainicio, fechacierre, fechavto) VALUES (2022, 10, 8, '2022-10-01', '2022-10-31', '2022-11-18');
INSERT INTO cierre (año, mes, terminacion, fechainicio, fechacierre, fechavto) VALUES (2022, 11, 8, '2022-11-01', '2022-11-30', '2022-12-18');
INSERT INTO cierre (año, mes, terminacion, fechainicio, fechacierre, fechavto) VALUES (2022, 12, 8, '2022-12-01', '2022-12-31', '2023-01-18');

-- Terminación tarjeta: 9
INSERT INTO cierre (año, mes, terminacion, fechainicio, fechacierre, fechavto) VALUES (2022, 1, 9, '2022-01-01', '2022-01-31', '2022-02-19');
INSERT INTO cierre (año, mes, terminacion, fechainicio, fechacierre, fechavto) VALUES (2022, 2, 9, '2022-02-01', '2022-02-28', '2022-03-19');
INSERT INTO cierre (año, mes, terminacion, fechainicio, fechacierre, fechavto) VALUES (2022, 3, 9, '2022-03-01', '2022-03-31', '2022-04-19');
INSERT INTO cierre (año, mes, terminacion, fechainicio, fechacierre, fechavto) VALUES (2022, 4, 9, '2022-04-01', '2022-04-30', '2022-05-19');
INSERT INTO cierre (año, mes, terminacion, fechainicio, fechacierre, fechavto) VALUES (2022, 5, 9, '2022-05-01', '2022-05-31', '2022-06-19');
INSERT INTO cierre (año, mes, terminacion, fechainicio, fechacierre, fechavto) VALUES (2022, 6, 9, '2022-06-01', '2022-06-30', '2022-07-19');
INSERT INTO cierre (año, mes, terminacion, fechainicio, fechacierre, fechavto) VALUES (2022, 7, 9, '2022-07-01', '2022-07-31', '2022-08-19');
INSERT INTO cierre (año, mes, terminacion, fechainicio, fechacierre, fechavto) VALUES (2022, 8, 9, '2022-08-01', '2022-08-31', '2022-09-19');
INSERT INTO cierre (año, mes, terminacion, fechainicio, fechacierre, fechavto) VALUES (2022, 9, 9, '2022-09-01', '2022-09-30', '2022-10-19');
INSERT INTO cierre (año, mes, terminacion, fechainicio, fechacierre, fechavto) VALUES (2022, 10, 9, '2022-10-01', '2022-10-31', '2022-11-19');
INSERT INTO cierre (año, mes, terminacion, fechainicio, fechacierre, fechavto) VALUES (2022, 11, 9, '2022-11-01', '2022-11-30', '2022-12-19');
INSERT INTO cierre (año, mes, terminacion, fechainicio, fechacierre, fechavto) VALUES (2022, 12, 9, '2022-12-01', '2022-12-31', '2023-01-19');

-- CONSUMOS

-- Compra correcta
INSERT INTO consumo (nrotarjeta, codseguridad, nrocomercio, monto) VALUES ('5827624652643290','8246', 3, 3500);
-- Tarjeta inválida
INSERT INTO consumo (nrotarjeta, codseguridad, nrocomercio, monto) VALUES ('2930489589375756','235', 7, 10000);
-- Tarjeta anulada
INSERT INTO consumo (nrotarjeta, codseguridad, nrocomercio, monto) VALUES ('9320584378172604','906', 1, 7000);
-- Tarjeta suspendida
INSERT INTO consumo (nrotarjeta, codseguridad, nrocomercio, monto) VALUES ('1294382965767449','2364', 6, 3500);
-- Codseguridad incorrecto
INSERT INTO consumo (nrotarjeta, codseguridad, nrocomercio, monto) VALUES ('6347467826428439','546', 2, 960);
-- Límite de compra superado
INSERT INTO consumo (nrotarjeta, codseguridad, nrocomercio, monto) VALUES ('3464536272389793','1256', 1, 25000);
-- Dos compras en un lapso menor de un minuto en comercios distintos ubicados en el mismo código postal.
INSERT INTO consumo (nrotarjeta, codseguridad, nrocomercio, monto) VALUES ('3928217404085943','1485', 1, 5000);
INSERT INTO consumo (nrotarjeta, codseguridad, nrocomercio, monto) VALUES ('3928217404085943','1485', 2, 7000);
-- Dos compras en un lapso menor de cinco minutos en comercios con diferentes códigos postales.
INSERT INTO consumo (nrotarjeta, codseguridad, nrocomercio, monto) VALUES ('9012348282748326','520', 3, 10000);
INSERT INTO consumo (nrotarjeta, codseguridad, nrocomercio, monto) VALUES ('9012348282748326','520', 4, 9000);
-- Dos rechazos por exceso de límite en el mismo día.
INSERT INTO consumo (nrotarjeta, codseguridad, nrocomercio, monto) VALUES ('3784736427463790','2397', 9, 50000);
INSERT INTO consumo (nrotarjeta, codseguridad, nrocomercio, monto) VALUES ('3784736427463790','2397', 9, 80000);
